"DESCRIPTION","DURATION IN MS","NAME","PARENT SUITE","START TIME","STATUS","STOP TIME","SUB SUITE","SUITE","TEST CLASS","TEST METHOD"
"","4","DataDriven Using Excel Trends0 and","chromium","2026-04-14","failed","2026-04-14","","excelDataDriven.spec.js","",""
"","7","DataDriven Testing using Trends06208 and J5T","chromium","2026-04-14","failed","2026-04-14","","dataDrivenTesting.spec.js","",""
"","4946","DataDriven Testing using Trends0 and J5T","chromium","2026-04-03","passed","2026-04-03","","dataDrivenTesting.spec.js","",""
"","4090","DataDriven Testing using and","chromium","2026-04-03","passed","2026-04-03","","dataDrivenTesting.spec.js","",""
"","3","DataDriven Using Excel Trends06208 and J5T","chromium","2026-04-14","failed","2026-04-14","","excelDataDriven.spec.js","",""
"","4","DataDriven Testing using Trends06208 and J5T","firefox","2026-04-14","failed","2026-04-14","","dataDrivenTesting.spec.js","",""
"","4","DataDriven Using Excel Tren9 and J5TKD6","firefox","2026-04-14","failed","2026-04-14","","excelDataDriven.spec.js","",""
"","4","DataDriven Testing using Trends0 and","firefox","2026-04-14","failed","2026-04-14","","dataDrivenTesting.spec.js","",""
"","4","DataDriven Using Excel Trends0 and","webkit","2026-04-14","failed","2026-04-14","","excelDataDriven.spec.js","",""
"","4751","DataDriven Testing using and","chromium","2026-04-03","passed","2026-04-03","","dataDrivenTesting.spec.js","",""
"","4","adactin","webkit","2026-04-14","failed","2026-04-14","","adactin.spec.js","",""
"","4535","DataDriven Testing using Trends and J5TKD6","chromium","2026-04-03","passed","2026-04-03","","dataDrivenTesting.spec.js","",""
"","4","DataDriven Testing using Trends06208 and J5T","webkit","2026-04-14","failed","2026-04-14","","dataDrivenTesting.spec.js","",""
"","3","adactin","firefox","2026-04-14","failed","2026-04-14","","adactin.spec.js","",""
"","4","DataDriven Using Excel Trends06208 and J5TKD6","chromium","2026-04-14","failed","2026-04-14","","excelDataDriven.spec.js","",""
"","4","DataDriven Testing using Trends06208 and J5TKD6","chromium","2026-04-14","failed","2026-04-14","","dataDrivenTesting.spec.js","",""
"","4","DataDriven Using Excel Trends06208 and J5TKD6","firefox","2026-04-14","failed","2026-04-14","","excelDataDriven.spec.js","",""
"","6","DataDriven Testing using Trends0 and","chromium","2026-04-14","failed","2026-04-14","","dataDrivenTesting.spec.js","",""
"","4","DataDriven Using Excel Trends0 and","firefox","2026-04-14","failed","2026-04-14","","excelDataDriven.spec.js","",""
"","4","DataDriven Testing using Tren9 and J5TKD6","chromium","2026-04-14","failed","2026-04-14","","dataDrivenTesting.spec.js","",""
"","4","DataDriven Testing using Tren9 and J5TKD6","webkit","2026-04-14","failed","2026-04-14","","dataDrivenTesting.spec.js","",""
"","4","adactin","chromium","2026-04-14","failed","2026-04-14","","adactin.spec.js","",""
"","6","DataDriven Using Excel Trends06208 and J5TKD6","webkit","2026-04-14","failed","2026-04-14","","excelDataDriven.spec.js","",""
"","6","DataDriven Using Excel Trends06208 and J5T","webkit","2026-04-14","failed","2026-04-14","","excelDataDriven.spec.js","",""
"","6","DataDriven Testing using Tren9 and J5TKD6","firefox","2026-04-14","failed","2026-04-14","","dataDrivenTesting.spec.js","",""
"","4","DataDriven Testing using Trends06208 and J5TKD6","webkit","2026-04-14","failed","2026-04-14","","dataDrivenTesting.spec.js","",""
"","4","DataDriven Using Excel Tren9 and J5TKD6","chromium","2026-04-14","failed","2026-04-14","","excelDataDriven.spec.js","",""
"","4","DataDriven Testing using Trends0 and","webkit","2026-04-14","failed","2026-04-14","","dataDrivenTesting.spec.js","",""
"","4","DataDriven Using Excel Tren9 and J5TKD6","webkit","2026-04-14","failed","2026-04-14","","excelDataDriven.spec.js","",""
"","6","DataDriven Testing using Trends06208 and J5TKD6","firefox","2026-04-14","failed","2026-04-14","","dataDrivenTesting.spec.js","",""
"","7","DataDriven Using Excel Trends06208 and J5T","firefox","2026-04-14","failed","2026-04-14","","excelDataDriven.spec.js","",""
